{
  "occ_means": {
    "Accountants And Auditors": 168390.3233532934,
    "Actuaries": 251583.8,
    "Acupuncturists": 103116.0,
    "Administrative Services Managers": 159902.77777777778,
    "Advertising And Promotions Managers": 190496.46153846153,
    "Advertising Sales Agents": 124253.625,
    "Aerospace Engineers": 139468.0294117647,
    "Agents And Business Managers Of Artists, Performers, And Athletes": 367912.25,
    "Architects, Except Landscape And Naval": 174726.34615384616,
    "Architectural And Engineering Managers": 202389.42763157896,
    "Audiologists": 101983.0,
    "Budget Analysts": 132398.6875,
    "Business Operations Specialists, All Other": 147959.05714285714,
    "Chemical Engineers": 150919.96226415093,
    "Chiropractors": 116282.0,
    "Civil Engineers": 139713.88888888888,
    "Clinical And Counseling Psychologists": 147251.6,
    "Compensation And Benefits Managers": 139310.2857142857,
    "Computer And Information Research Scientists": 152016.44444444444,
    "Computer And Information Systems Managers": 170475.85643564357,
    "Computer Hardware Engineers": 178145.11111111112,
    "Computer Network Architects": 149012.92307692306,
    "Computer Occupations, All Other": 154518.1265822785,
    "Computer Programmers": 167957.68235294116,
    "Computer Systems Analysts": 155535.63316582915,
    "Construction Managers": 162053.77272727274,
    "Credit Analysts": 111882.66666666667,
    "Dental Hygienists": 142183.5,
    "Detectives And Criminal Investigators": 143672.67441860464,
    "Diagnostic Medical Sonographers": 217422.0,
    "Economists": 172476.63157894736,
    "Editors": 151621.4,
    "Electrical Power-Line Installers And Repairers": 117903.0,
    "Elevator And Escalator Installers And Repairers": 161056.0,
    "Emergency Management Directors": 209529.57142857142,
    "Environmental Engineers": 128744.92307692308,
    "Facilities Managers": 142964.0,
    "Farmers, Ranchers, And Other Agricultural Managers": 125846.5,
    "Financial And Investment Analysts": 186288.71900826445,
    "Financial Examiners": 262302.6666666667,
    "Financial Managers": 196994.61946902654,
    "First-Line Supervisors Of Correctional Officers": 108866.5,
    "First-Line Supervisors Of Firefighting And Prevention Workers": 182977.0909090909,
    "First-Line Supervisors Of Non-Retail Sales Workers": 223611.16216216216,
    "First-Line Supervisors Of Police And Detectives": 158943.8431372549,
    "General And Operations Managers": 170782.43902439025,
    "Healthcare Diagnosing Or Treating Practitioners, All Other": 184000.0,
    "Human Resources Managers": 165649.19424460432,
    "Industrial Production Managers": 164980.4776119403,
    "Information Security Analysts": 169132.02614379086,
    "Insurance Sales Agents": 299075.8125,
    "Insurance Underwriters": 175739.6,
    "Judicial Law Clerks": 185000.0,
    "Legal Support Workers, All Other": 225410.0,
    "Lodging Managers": 197000.0,
    "Magnetic Resonance Imaging Technologists": 258776.66666666666,
    "Management Analysts": 179663.32222222222,
    "Marine Engineers And Naval Architects": 119634.0,
    "Market Research Analysts And Marketing Specialists": 190678.35,
    "Marketing Managers": 161516.59677419355,
    "Materials Engineers": 162792.6875,
    "Mechanical Engineers": 142141.25773195876,
    "Media And Communication Workers, All Other": 105215.0,
    "Medical And Health Services Managers": 159654.21523809523,
    "Music Directors And Composers": 129432.0,
    "Natural Sciences Managers": 129565.88888888889,
    "Network And Computer Systems Administrators": 128835.05405405405,
    "News Analysts, Reporters, And Journalists": 118900.0,
    "Nurse Anesthetists": 201744.11627906977,
    "Occupational Therapists": 128676.30769230769,
    "Operations Research Analysts": 152954.28846153847,
    "Optometrists": 209366.44444444444,
    "Personal Financial Advisors": 247785.96629213484,
    "Pharmacists": 160106.69262295082,
    "Physical Scientists, All Other": 150875.1219512195,
    "Physical Therapists": 137730.30188679244,
    "Physician Assistants": 193191.0170940171,
    "Podiatrists": 130000.0,
    "Probation Officers And Correctional Treatment Specialists": 115265.5,
    "Producers And Directors": 247840.3125,
    "Project Management Specialists": 155908.24796747966,
    "Property, Real Estate, And Community Association Managers": 167473.57142857142,
    "Purchasing Managers": 162476.61616161617,
    "Radiation Therapists": 132663.0,
    "Radiologic Technologists And Technicians": 195937.0,
    "Registered Nurses": 137257.07253269918,
    "Respiratory Therapists": 128179.0,
    "Sales Engineers": 173101.76923076922,
    "Sales Managers": 210593.95454545456,
    "Sales Representatives Of Services, Except Advertising, Insurance, Financial Services, And Travel": 199122.6,
    "School Psychologists": 144985.375,
    "Securities, Commodities, And Financial Services Sales Agents": 273340.39285714284,
    "Social And Community Service Managers": 202529.83333333334,
    "Software Developers": 165105.6651119403,
    "Software Quality Assurance Analysts And Testers": 159225.4,
    "Speech-Language Pathologists": 147321.6,
    "Technical Writers": 167946.8,
    "Training And Development Managers": 147180.2,
    "Transportation, Storage, And Distribution Managers": 163619.2894736842,
    "Urban And Regional Planners": 121125.5,
    "Veterinarians": 172540.05405405405,
    "Web And Digital Interface Designers": 158733.4,
    "Web Developers": 153922.66666666666,
    "Writers And Authors": 180031.61538461538
  },
  "state_means": {
    "AK": 158874.05263157896,
    "AL": 132061.37037037036,
    "AR": 191555.57142857142,
    "AZ": 166145.9140625,
    "CA": 173734.6477922078,
    "CO": 170755.85897435897,
    "CT": 174712.0205479452,
    "DE": 161016.76,
    "FL": 176485.10216718266,
    "GA": 170445.0790960452,
    "HI": 138484.44444444444,
    "IA": 181415.85,
    "ID": 131738.1,
    "IL": 180383.87172011661,
    "IN": 161901.35593220338,
    "KS": 159013.3125,
    "KY": 190285.81578947368,
    "LA": 160015.08695652173,
    "MA": 166444.60471204188,
    "MD": 163586.88036809815,
    "ME": 155695.2,
    "MI": 175591.21487603305,
    "MN": 162765.28440366974,
    "MO": 151808.85714285713,
    "MS": 140911.0,
    "MT": 202377.33333333334,
    "NC": 159064.2131147541,
    "ND": 178208.5,
    "NE": 171201.61111111112,
    "NH": 160533.12,
    "NJ": 171499.89046653145,
    "NM": 160046.44444444444,
    "NV": 174246.27777777778,
    "NY": 168507.62679425837,
    "OH": 155715.3896103896,
    "OK": 175036.17647058822,
    "OR": 149902.4842105263,
    "PA": 162161.4607329843,
    "RI": 148496.84,
    "SC": 148513.6326530612,
    "SD": 153082.0,
    "TN": 182689.78181818183,
    "TX": 165035.604519774,
    "UT": 167053.52173913043,
    "VA": 156305.28813559323,
    "VT": 157344.0,
    "WA": 168124.18936877078,
    "WI": 142669.76923076922,
    "WV": 161561.3,
    "WY": 115411.0
  }
}